video_id,embedding,label
dia1026_utt1.mp4,"[ 0.03313648 -0.02863683 -0.19335058 ...  0.6537216   0.65552384
  0.18724576]",1
dia929_utt4.mp4,"[ 0.05896156  0.11271403 -0.00984001 ...  0.98728025  0.46633092
  0.3871463 ]",1
dia1036_utt16.mp4,"[-0.02537695  0.03183211 -0.0732712  ...  0.5219822   0.180123
  0.24945338]",1
dia995_utt0.mp4,"[ 0.22804108 -0.09934777 -0.01329952 ...  1.0832351   0.24484956
  0.09400448]",1
dia1016_utt10.mp4,[0.14833331 0.05405251 0.1408794  ... 0.04038194 0.42257643 0.40595168],1
dia1014_utt1.mp4,"[-0.03318805 -0.14032963 -0.07594947 ...  0.43521485  0.28364176
  0.29275084]",1
dia936_utt21.mp4,"[-0.05630129  0.22124647  0.14233263 ...  0.10211416  0.05363065
  0.553366  ]",1
dia871_utt5.mp4,"[ 0.11349835 -0.07529555  0.04107002 ...  0.13031957  0.49722332
  0.3703562 ]",1
dia1025_utt11.mp4,"[-0.01639321  0.06897545  0.04642333 ...  0.56981283  0.14826801
  0.5035155 ]",1
dia884_utt6.mp4,"[-0.01183709 -0.01298773 -0.13181797 ...  0.05281049  0.4679094
  0.8230672 ]",1
dia1009_utt17.mp4,"[ 0.0834403   0.03967676 -0.01052654 ...  0.09576428  0.1526311
  1.1909026 ]",1
dia947_utt7.mp4,"[ 0.05354023 -0.06518249 -0.08127046 ...  0.38104486  0.25635847
  0.23355183]",1
dia1024_utt15.mp4,"[-0.23372656 -0.17340393  0.16427778 ...  0.21777292  0.20462732
  0.82177526]",1
dia864_utt3.mp4,"[ 0.01880842 -0.06505819  0.00680435 ...  0.09120439  1.2739266
  0.26015067]",1
dia905_utt3.mp4,"[ 0.04760707  0.10521178 -0.0146322  ...  0.8011381   0.48894867
  0.570106  ]",1
dia1018_utt0.mp4,"[-0.0549758  -0.05171654  0.00618043 ...  0.4517518   0.9470971
  0.22163454]",1
dia906_utt5.mp4,"[-0.07088549  0.04114521  0.10133318 ...  1.0158969   0.30720025
  0.18517303]",1
dia886_utt12.mp4,"[ 0.08105178  0.10194229 -0.17100012 ...  0.58111125  0.31414118
  0.1772649 ]",1
dia1003_utt4.mp4,[0.09391744 0.13460074 0.04444472 ... 0.25718048 0.2717648  1.3222238 ],1
dia892_utt10.mp4,"[ 0.1135823   0.10817195 -0.00575466 ...  0.28931993  0.37726447
  0.80375206]",1
dia1003_utt3.mp4,[0.18272556 0.04715923 0.01828628 ... 0.53276473 0.13010888 0.9731199 ],1
dia871_utt2.mp4,"[-0.03548695 -0.05768701  0.00413421 ...  0.17579798  1.0105923
  1.306503  ]",1
dia1018_utt3.mp4,"[-0.11064015 -0.09692746  0.00904413 ...  0.4489271   0.19183227
  0.34119266]",1
dia1021_utt2.mp4,[0.02018804 0.17608099 0.08418983 ... 0.06449338 0.4141509  0.8627691 ],1
dia915_utt4.mp4,"[ 0.21165952 -0.02823311 -0.14375973 ...  0.3910647   0.59247756
  0.48368853]",1
dia871_utt4.mp4,"[ 0.16207577 -0.12198462  0.12223427 ...  0.23647654  0.46047983
  0.40658984]",1
dia983_utt5.mp4,"[-0.03484054  0.06005137  0.24419327 ...  0.39369425  0.883663
  0.54191744]",1
dia901_utt5.mp4,"[ 0.05766442 -0.03887791  0.12986714 ...  0.17795628  0.7674278
  0.38196573]",1
dia1005_utt16.mp4,"[ 0.27758414 -0.06369665 -0.06226082 ...  0.          0.10826111
  1.3246377 ]",1
dia1023_utt4.mp4,"[ 0.1499469  -0.03162752 -0.18386821 ...  1.4695406   1.4341867
  0.01074576]",1
dia991_utt2.mp4,"[ 0.08698641  0.15629925 -0.12719426 ...  0.3185783   1.0098331
  0.30268508]",1
dia874_utt1.mp4,"[ 0.08432714  0.10308751 -0.01411887 ...  0.10381696  0.19907925
  0.15971324]",1
dia928_utt0.mp4,"[ 0.16766673  0.06729291 -0.05820364 ...  0.12428931  0.73327196
  0.99963295]",1
dia1031_utt2.mp4,"[-0.11844961  0.09936646 -0.04340236 ...  0.29778078  0.6888572
  1.3015115 ]",1
dia988_utt4.mp4,"[ 0.21236426 -0.00479223  0.12876146 ...  1.4621158   0.99241763
  0.7449509 ]",1
dia939_utt16.mp4,"[ 0.1612027  -0.02417724  0.19164427 ...  0.29645935  0.7059225
  0.3253855 ]",1
dia1038_utt5.mp4,"[-0.01951219  0.02157609 -0.06792769 ...  1.5830499   0.5209027
  0.01831882]",1
dia1036_utt0.mp4,[0.06355581 0.05144864 0.09369021 ... 0.8994137  0.30570805 0.22373357],1
dia1013_utt3.mp4,"[ 0.12688614  0.0869906  -0.08961879 ...  1.6146772   0.41618904
  0.19501838]",1
dia994_utt6.mp4,"[-0.05313626 -0.11473888 -0.20185724 ...  0.02727275  0.5586268
  2.0259395 ]",1
dia980_utt6.mp4,"[-0.05052128 -0.19012322  0.01170362 ...  0.40257055  0.8376123
  0.4470409 ]",1
dia875_utt7.mp4,"[ 0.10460053  0.0312511  -0.03497111 ...  0.31730112  1.0070823
  0.4988572 ]",1
dia892_utt16.mp4,"[ 3.8281254e-02  7.7883154e-04 -2.1647573e-02 ...  1.1416193e+00
  2.9481092e-01  2.8393004e-02]",1
dia930_utt14.mp4,[0.14190932 0.05711668 0.01669706 ... 0.00534626 0.6885043  1.266148  ],1
dia898_utt4.mp4,"[ 0.17964183  0.05971733 -0.21297343 ...  0.9728778   1.246338
  2.4445446 ]",1
dia948_utt9.mp4,[0.08603506 0.11137167 0.09077626 ... 0.4280396  0.84561205 0.36043417],1
dia1029_utt12.mp4,[0.05775088 0.04644009 0.05453778 ... 0.46524382 1.0157408  0.12945911],1
dia1019_utt10.mp4,"[-0.03772744 -0.01975787  0.07854789 ...  0.2690969   0.77022064
  0.23822248]",1
dia936_utt11.mp4,"[ 0.00666972  0.08523778 -0.06128749 ...  0.22925036  0.0598019
  1.002609  ]",1
dia910_utt6.mp4,"[-0.03991067  0.02119976 -0.22520202 ...  0.0867203   0.
  0.55307037]",1
dia1010_utt2.mp4,"[ 0.10319632 -0.03615173  0.05324895 ...  0.2962545   0.8843525
  0.10124929]",1
dia952_utt2.mp4,"[ 0.04693433 -0.0587082   0.06660762 ...  0.3958006   0.38530198
  0.08618883]",1
dia865_utt2.mp4,"[-0.15517023 -0.0576392   0.1527135  ...  0.5409033   0.48562708
  0.14805736]",1
dia925_utt1.mp4,"[-0.01162451 -0.12906303 -0.09187645 ...  1.3969516   0.3846554
  0.46270147]",1
dia938_utt9.mp4,"[ 0.09954093  0.02329423 -0.07754886 ...  0.05615669  0.23613909
  0.448291  ]",1
dia870_utt0.mp4,"[ 0.13672134 -0.19633374  0.1335759  ...  0.689243    0.37991264
  0.05332776]",1
dia1023_utt5.mp4,[0.04500218 0.02451459 0.03412316 ... 0.17020291 0.6289927  1.1028782 ],1
dia1005_utt9.mp4,"[ 0.11166362  0.03238733 -0.06047167 ...  0.47464308  0.22035237
  0.40474096]",1
dia950_utt3.mp4,[0.1174584  0.05560929 0.14230053 ... 0.48995537 0.80193055 0.19438198],1
dia887_utt5.mp4,"[ 0.07822904 -0.03357928 -0.13528807 ...  0.01555872  0.24874589
  0.1128304 ]",1
dia896_utt0.mp4,"[ 0.07497039 -0.05247246  0.0212352  ...  1.2507161   0.51580226
  0.8799063 ]",1
dia999_utt4.mp4,"[ 0.1453496   0.04267676 -0.0786652  ...  0.21088982  0.8489045
  1.2267605 ]",1
dia918_utt2.mp4,"[ 0.03603213 -0.0920121  -0.04195182 ...  0.501363    0.03778594
  0.7630127 ]",1
dia956_utt6.mp4,"[-0.030713   -0.12083679 -0.08414008 ...  0.5240044   0.3919644
  1.0157367 ]",1
dia969_utt3.mp4,[0.0620347  0.08910302 0.05764487 ... 0.07553609 0.02168932 0.07221072],1
dia1017_utt11.mp4,"[-0.12874272  0.04502942 -0.05964956 ...  0.54212415  0.05842386
  1.4391968 ]",1
dia1011_utt4.mp4,"[ 0.05146285 -0.05658913  0.13901499 ...  0.14117321  0.4415191
  1.4435022 ]",1
dia966_utt0.mp4,"[ 0.05020814 -0.02905376  0.05778655 ...  0.5530464   0.39371487
  0.10948899]",1
dia1026_utt10.mp4,"[-0.08309722 -0.01309505 -0.13337687 ...  0.77774495  0.5772383
  0.1524789 ]",1
dia990_utt0.mp4,"[-0.23395848 -0.1316411  -0.08036973 ...  1.356426    0.4487509
  0.0723211 ]",1
dia1025_utt17.mp4,"[ 0.00314351  0.0995803  -0.02130114 ...  0.45390615  0.50538284
  0.25198245]",1
dia1016_utt6.mp4,[0.09549737 0.01949715 0.15633582 ... 0.44249257 0.6411084  1.1826721 ],1
dia995_utt1.mp4,"[ 0.06016465 -0.02199236  0.10787216 ...  1.1782016   0.93363446
  1.6555411 ]",1
dia1027_utt2.mp4,"[ 0.0465174  -0.05871587  0.11571126 ...  0.05923716  0.16386569
  1.6017199 ]",1
dia996_utt16.mp4,"[-0.02097412  0.09443247 -0.00730731 ...  0.05899197  0.6319641
  0.5921735 ]",1
dia1000_utt3.mp4,"[-0.12693524  0.02422611  0.09939269 ...  0.4629529   0.3593661
  0.8812749 ]",1
dia1022_utt15.mp4,"[ 0.05239892  0.01223307 -0.02986252 ...  0.3237351   0.5340534
  0.727834  ]",1
dia921_utt4.mp4,"[-0.03751039  0.11931796  0.05511822 ...  0.9687133   0.9044402
  1.1377518 ]",1
dia923_utt4.mp4,"[-0.09183904  0.17345755  0.02518076 ...  0.56254214  0.6309793
  0.44137636]",1
dia1032_utt7.mp4,"[ 0.01877328 -0.03313854 -0.24405332 ...  0.32348475  0.34215713
  1.1758373 ]",1
dia1036_utt20.mp4,"[-0.037677   -0.09292214  0.10611873 ...  0.06169761  0.96283877
  0.10706417]",1
dia921_utt9.mp4,[0.01713524 0.01635215 0.00827043 ... 0.1522375  0.4694137  0.8949005 ],1
dia1027_utt6.mp4,"[ 0.09323669 -0.15703426  0.18363498 ...  0.05174999  0.22546339
  1.2323244 ]",1
dia948_utt1.mp4,"[-0.02925657 -0.08574475  0.00424535 ...  0.35097054  0.41212064
  0.5280815 ]",1
dia997_utt3.mp4,"[ 0.02954062 -0.05309364  0.2058107  ...  0.3250267   0.4197661
  0.7486629 ]",1
dia1009_utt1.mp4,"[ 0.04256383 -0.02968517 -0.00894155 ...  1.066879    0.55338174
  0.4492751 ]",1
dia901_utt9.mp4,[0.042123   0.04287545 0.00327786 ... 0.12679026 0.84214133 0.43300802],1
dia920_utt1.mp4,"[-0.05148833 -0.01330081  0.10946303 ...  0.7794589   0.6736514
  0.95404214]",1
dia877_utt4.mp4,"[-0.00379723  0.03927178  0.09250044 ...  0.05856361  0.11620647
  0.94922554]",1
dia961_utt11.mp4,"[-0.03638168  0.0090414   0.10633682 ...  0.27912027  0.5477914
  0.54407614]",1
dia1035_utt1.mp4,"[ 0.09769328 -0.06193473 -0.09555008 ...  0.12224867  0.5433271
  0.37109342]",1
dia889_utt3.mp4,"[ 0.05888053 -0.02158617 -0.13905963 ...  0.03991172  0.37433714
  0.47229442]",1
dia972_utt11.mp4,"[ 0.08678453 -0.10532419  0.01659811 ...  0.0778199   0.63103867
  0.829195  ]",1
dia912_utt7.mp4,"[-0.02870237 -0.06964208 -0.0574059  ...  1.3065028   1.2620023
  0.16589895]",1
dia913_utt8.mp4,[0.12772517 0.0591282  0.02914664 ... 0.04254581 1.1568205  1.162748  ],1
dia972_utt0.mp4,"[-0.16298531  0.0361854  -0.19066703 ...  0.18764691  0.2381504
  1.2726021 ]",1
dia872_utt1.mp4,"[-0.01793207 -0.08928085  0.17886646 ...  0.7692728   0.5676122
  0.39165092]",1
dia1011_utt7.mp4,"[-0.06741794  0.0077854  -0.07535529 ...  0.00722065  0.0900867
  0.32081586]",1
dia1014_utt2.mp4,"[ 0.01435449 -0.00251134  0.22046576 ...  0.2786982   0.09604763
  1.1196007 ]",1
dia908_utt14.mp4,"[ 0.19695988  0.10697902 -0.05049542 ...  0.19116576  0.77554345
  0.56756663]",1
dia915_utt2.mp4,"[-0.03489178 -0.06084873  0.03318904 ...  0.40250832  1.1211399
  0.36949554]",1
dia893_utt1.mp4,"[-0.00952857 -0.0300903   0.15871593 ...  0.70070064  0.45645446
  0.20087302]",1
dia963_utt9.mp4,"[ 0.13357146  0.05031282 -0.13862577 ...  0.71906346  1.216707
  0.5506636 ]",1
dia942_utt0.mp4,"[-0.16295114 -0.02692427 -0.01150762 ...  1.0087783   0.6603786
  0.46735397]",1
dia946_utt5.mp4,"[-0.03390581 -0.0177583   0.0345004  ...  0.2023327   0.15263863
  0.5091402 ]",1
dia866_utt4.mp4,[0.07679422 0.00158223 0.0388398  ... 0.14833608 0.47474837 0.45606607],1
dia907_utt7.mp4,"[-0.06585827  0.03685728  0.06919922 ...  0.8050154   0.0884582
  0.10591666]",1
dia934_utt4.mp4,"[-0.18267675 -0.01341176  0.01411024 ...  0.33497342  0.40821356
  1.363704  ]",1
dia917_utt2.mp4,"[ 0.07843272  0.01009024 -0.05475908 ...  0.23953804  0.46582824
  0.7425343 ]",1
dia966_utt5.mp4,"[ 0.07135732 -0.03427672  0.00387929 ...  0.6799191   0.4475152
  0.08044498]",1
dia902_utt2.mp4,"[-0.01585789 -0.02165818 -0.11783529 ...  0.73723894  1.1743219
  0.3322174 ]",1
dia933_utt14.mp4,"[-0.04065998 -0.12493756 -0.11659275 ...  0.15652996  0.4098119
  0.6174675 ]",1
dia887_utt4.mp4,"[ 0.02411278 -0.05826805 -0.09396105 ...  0.02856519  0.43983135
  0.44708768]",1
dia971_utt0.mp4,"[ 0.03250873 -0.08009335 -0.09701936 ...  0.11152148  0.13238616
  0.21297891]",1
dia961_utt1.mp4,"[-0.09846726 -0.07528023  0.20946077 ...  0.8501768   0.13512833
  0.42424244]",1
dia991_utt10.mp4,"[ 0.02601231 -0.03955244 -0.08645552 ...  0.9808504   0.76281375
  0.0328326 ]",1
dia892_utt15.mp4,"[-0.16588162 -0.1358182  -0.10151459 ...  0.38544542  0.08451695
  0.63385975]",1
dia927_utt4.mp4,"[-0.09204449  0.07907215  0.10813481 ...  0.23692231  0.4652614
  0.9912834 ]",1
dia979_utt2.mp4,"[-0.1892982  -0.04679778  0.03628994 ...  0.14063174  0.36172748
  0.8171953 ]",1
dia980_utt5.mp4,"[ 0.12613213  0.04268149 -0.1756414  ...  1.3583972   1.3224746
  0.37689415]",1
dia872_utt8.mp4,"[ 0.03715387 -0.11034072 -0.17895387 ...  0.744237    1.0165259
  0.3344831 ]",1
dia863_utt2.mp4,"[ 0.008973   -0.1801268  -0.06950146 ...  0.24749732  0.25762364
  0.21536247]",1
dia987_utt0.mp4,"[-0.00654225 -0.10787845  0.0531221  ...  0.22135691  0.42820096
  0.5834054 ]",1
dia940_utt6.mp4,"[ 0.00915534 -0.05147189  0.06459992 ...  0.40232903  0.2644931
  1.6334639 ]",1
dia990_utt1.mp4,"[ 0.01254955 -0.01919032 -0.06089631 ...  0.92689687  0.04090397
  0.09985144]",1
dia948_utt0.mp4,"[ 0.13806133 -0.01719886 -0.04637432 ...  0.26826555  0.09645936
  0.567518  ]",1
dia865_utt3.mp4,"[-0.0624883  -0.12468123 -0.09226585 ...  0.503507    0.14030735
  0.7332533 ]",1
dia916_utt10.mp4,"[ 0.02145791 -0.06051971  0.22185048 ...  0.33237457  0.38698083
  0.05217198]",1
dia905_utt15.mp4,"[ 0.09762232 -0.02577928  0.15739259 ...  0.09996904  0.22652361
  0.39739862]",1
dia936_utt9.mp4,"[-0.06717297 -0.02113968  0.09064105 ...  0.71567196  0.22588046
  0.16025499]",1
dia876_utt1.mp4,"[-0.17437251 -0.09760433  0.11438614 ...  0.5567568   0.40738544
  0.847699  ]",1
dia965_utt6.mp4,"[ 0.04988433 -0.06091756 -0.1587207  ...  0.36434558  0.7623356
  1.2667681 ]",1
dia1005_utt21.mp4,[0.02407943 0.00374598 0.03093226 ... 0.47556382 0.2586587  0.8206167 ],1
dia637_utt1.mp4,"[ 0.12892032 -0.07942314  0.09076101 ...  0.08960195  1.7320518
  0.49519545]",0
dia1028_utt0.mp4,"[ 2.5897476e-01 -8.6500749e-02  5.5598468e-04 ...  1.2207974e+00
  1.5095508e-01  4.8477834e-01]",0
dia672_utt9.mp4,"[-0.06563307 -0.0165097  -0.08573152 ...  0.37483573  0.50934374
  0.20060202]",0
dia791_utt5.mp4,"[-3.8855895e-04 -2.0082434e-01  1.3335173e-01 ...  1.2676836e+00
  4.8940364e-01  2.8850991e-01]",0
dia665_utt12.mp4,"[ 0.13502133 -0.00238476  0.13998899 ...  0.15454988  0.42493734
  0.33558136]",0
dia603_utt0.mp4,"[-0.01542049  0.09140196 -0.08938876 ...  0.6185987   0.07033779
  0.54958016]",0
dia925_utt2.mp4,[0.12509777 0.09250014 0.00077198 ... 0.04043408 0.716301   0.34589717],0
dia717_utt12.mp4,"[-0.06896186 -0.00131231  0.09559156 ...  0.48179346  0.16977328
  0.41294688]",0
dia673_utt15.mp4,"[ 0.04193003  0.00286864 -0.08637278 ...  0.6038766   0.6048163
  0.993842  ]",0
dia634_utt0.mp4,"[ 0.1405761   0.0090752  -0.05091681 ...  0.02159925  0.7418814
  0.8442774 ]",0
dia653_utt2.mp4,"[-0.0627711   0.06401908 -0.10947576 ...  1.4596484   1.0963033
  0.29290947]",0
dia841_utt4.mp4,"[ 0.09736114  0.05247363 -0.02578697 ...  0.2316088   0.17385282
  0.61171776]",0
dia628_utt7.mp4,"[-0.10192077  0.0797905   0.05494675 ...  1.0819017   0.26066428
  0.48724824]",0
dia629_utt13.mp4,"[ 0.0047433  -0.03368786  0.13256335 ...  0.7622202   0.14751151
  0.49880928]",0
dia936_utt19.mp4,[0.06331648 0.07776003 0.05753684 ... 0.29430437 0.23129635 0.860164  ],0
dia1005_utt15.mp4,"[ 0.14527158  0.04588407 -0.04772266 ...  0.26386073  0.76452076
  0.57822526]",0
dia816_utt1.mp4,"[-0.13324997  0.1424262  -0.07488027 ...  0.0757456   0.01403085
  0.37035924]",0
dia707_utt15.mp4,"[ 0.05667159 -0.09795019 -0.03810288 ...  0.04564152  0.4583122
  0.26570863]",0
dia809_utt14.mp4,"[-0.07217938 -0.00380932  0.01237635 ...  0.13833576  1.0827979
  0.49254322]",0
dia940_utt3.mp4,"[-0.09216408 -0.01410712 -0.05991631 ...  0.36211604  0.12190537
  0.5379228 ]",0
dia1028_utt2.mp4,"[-0.10753912 -0.20763616  0.07502896 ...  1.3716272   0.36914697
  0.27135494]",0
dia1016_utt3.mp4,"[-0.07470321 -0.07131082  0.05244807 ...  0.36524588  1.2741252
  0.48472628]",0
dia747_utt17.mp4,"[ 2.8745569e-02 -8.5659698e-04 -2.8373384e-01 ...  2.0534899e-02
  7.8412348e-01  1.1009218e+00]",0
dia1016_utt11.mp4,"[ 0.26056707  0.05454426 -0.04762067 ...  0.15070446  0.8176507
  1.7384424 ]",0
dia735_utt9.mp4,"[ 0.14121419  0.01992034 -0.08353415 ...  0.57982755  0.14614102
  0.90671617]",0
dia840_utt5.mp4,"[-0.01631278  0.03617298  0.2891819  ...  0.4233777   0.4254938
  0.18242371]",0
dia558_utt2.mp4,"[ 0.08030115 -0.0577602   0.04300972 ...  1.6666994   0.2278487
  0.0685331 ]",0
dia622_utt6.mp4,"[-0.00386822  0.0196235  -0.06306943 ...  0.5797087   0.80878514
  0.03655255]",0
dia791_utt0.mp4,[0.10025805 0.04104343 0.00241162 ... 1.0139091  0.7696818  0.61672246],0
dia996_utt6.mp4,"[ 0.13161905 -0.05505197  0.10498346 ...  0.02997766  1.1852928
  0.8945724 ]",0
dia1017_utt8.mp4,"[ 0.07584174  0.04379235 -0.12197781 ...  0.144298    0.20095885
  2.5417192 ]",0
dia676_utt7.mp4,"[-0.02831918  0.11475234  0.04412723 ...  0.19020645  0.51213366
  2.628496  ]",0
dia844_utt10.mp4,"[ 0.09664124  0.0903735  -0.2224102  ...  0.0944512   0.04557347
  0.61076015]",0
dia1016_utt2.mp4,"[ 0.24701999  0.07483529 -0.11421094 ...  1.1055057   0.5227984
  0.307712  ]",0
dia1024_utt3.mp4,"[ 0.06087874 -0.15629186  0.08468187 ...  0.7235031   0.16652015
  0.48458114]",0
dia985_utt0.mp4,"[ 0.09482639 -0.0994276   0.00931561 ...  0.8020787   0.26768547
  0.38119552]",0
dia870_utt2.mp4,"[ 0.18675584  0.02780437 -0.05686384 ...  0.5576837   0.22167177
  0.4040278 ]",0
dia873_utt4.mp4,"[-0.03107174  0.01371512  0.01339785 ...  0.5295459   0.6207894
  0.11620365]",0
dia916_utt5.mp4,"[ 0.17139524  0.09192453 -0.20443678 ...  0.17965133  0.3574445
  0.18654421]",0
dia795_utt3.mp4,[0.05332971 0.08471103 0.1666432  ... 0.0485302  1.0912111  1.3509682 ],0
dia859_utt0.mp4,"[-0.15961939 -0.09238409 -0.02541886 ...  0.13718772  0.2933284
  1.6687651 ]",0
dia1012_utt3.mp4,"[ 0.12221313 -0.02098903  0.00479329 ...  1.5210901   0.75108945
  0.5803069 ]",0
dia964_utt2.mp4,"[ 0.06985786 -0.04781615 -0.1613866  ...  0.4395965   0.5590831
  0.15610567]",0
dia736_utt9.mp4,"[ 0.10294759 -0.01637577 -0.03067037 ...  0.07712068  1.6684214
  0.3886594 ]",0
dia888_utt15.mp4,"[-0.14949101 -0.0273768  -0.02645819 ...  0.3732628   0.0227065
  0.7221347 ]",0
dia949_utt7.mp4,"[-0.06148922 -0.05350514 -0.00905867 ...  0.28793374  0.36024928
  0.27059406]",0
dia996_utt12.mp4,"[ 0.10355741 -0.09128615  0.02411144 ...  0.11635976  0.7244983
  0.94348764]",0
dia982_utt1.mp4,"[ 0.08765702 -0.14297675  0.03781169 ...  0.18113251  0.89783686
  0.55390227]",0
dia561_utt9.mp4,"[ 0.2690922   0.11979914 -0.12633838 ...  0.3671754   1.0259346
  0.19801117]",0
dia839_utt7.mp4,"[ 0.08638696 -0.01702186  0.04015355 ...  0.          0.01167453
  0.0680667 ]",0
dia665_utt14.mp4,"[ 0.2270563   0.03642013 -0.05620152 ...  0.11047784  0.6815364
  0.33700275]",0
dia881_utt0.mp4,"[-0.031123   -0.02919584 -0.20665275 ...  0.01788547  0.5175058
  0.46936163]",0
dia996_utt3.mp4,"[ 0.03851086 -0.05182086 -0.07029213 ...  0.61199486  0.46954522
  0.4070146 ]",0
dia676_utt9.mp4,"[ 5.4065447e-02  1.8439973e-03 -3.2170907e-02 ...  1.5901083e-01
  4.1787013e-01  2.1815190e+00]",0
dia1015_utt9.mp4,"[ 0.20152411 -0.07799351  0.24039735 ...  0.13099325  0.1820041
  1.2049015 ]",0
dia653_utt0.mp4,"[ 9.3946114e-02 -4.0092546e-02 -5.8330595e-04 ...  9.5983541e-01
  3.1454545e-01  9.2010754e-01]",0
dia1007_utt5.mp4,"[ 0.07912564 -0.07328287  0.1105694  ...  0.53533024  0.17867331
  0.5116078 ]",0
dia767_utt6.mp4,"[-0.03815123 -0.00360753  0.24562007 ...  0.6878162   0.11715188
  0.6669422 ]",0
dia997_utt6.mp4,"[ 0.09977913 -0.10572412  0.18827352 ...  0.8109064   0.5287319
  0.8285114 ]",0
dia869_utt9.mp4,"[ 0.14352849  0.02191979 -0.01138274 ...  0.42294288  0.45057797
  0.1961131 ]",0
dia646_utt12.mp4,"[-0.06325935 -0.0360821  -0.10497662 ...  0.5203615   0.84143865
  0.08167273]",0
dia936_utt16.mp4,"[-0.08839824  0.02909481 -0.04730523 ...  0.34056506  0.15040727
  0.8399061 ]",0
dia756_utt7.mp4,"[ 0.13064164  0.01784928 -0.07192698 ...  0.22652574  0.41862994
  0.39883074]",0
dia626_utt1.mp4,"[ 0.03370596 -0.12292413  0.21832332 ...  0.1124026   0.69703746
  0.8383112 ]",0
dia973_utt5.mp4,"[-0.10342413  0.06858379  0.0583103  ...  0.1138227   0.6140595
  0.5556159 ]",0
dia849_utt4.mp4,"[ 0.15810746  0.02379207 -0.0953667  ...  0.25647342  0.19424506
  0.3036327 ]",0
dia680_utt6.mp4,"[-0.03034722  0.06550646  0.06984791 ...  0.5967917   1.1499069
  0.19606118]",0
dia674_utt1.mp4,"[ 0.09564215  0.01131767 -0.03334408 ...  0.42046633  0.22948876
  0.38433328]",0
dia728_utt4.mp4,"[ 0.14665166 -0.1839836  -0.27547413 ...  1.22439     0.26561147
  1.6858232 ]",0
dia596_utt10.mp4,"[ 0.25718203 -0.0511481  -0.08749148 ...  0.60700274  0.21601598
  0.5091785 ]",0
dia923_utt5.mp4,[0.15275922 0.09905535 0.05718044 ... 0.41153032 0.12102507 0.5040463 ],0
dia561_utt16.mp4,"[-0.08721061 -0.1414771  -0.12283652 ...  0.3861918   0.9782182
  0.20003602]",0
dia822_utt2.mp4,"[ 0.10583759 -0.09098609  0.03563435 ...  0.50507295  0.4210348
  0.03361407]",0
dia752_utt9.mp4,"[-0.10965084  0.02157584 -0.00431002 ...  0.5322076   0.23048823
  1.267749  ]",0
dia907_utt1.mp4,"[-0.18759038 -0.02548253 -0.04923186 ...  0.44598874  0.06519192
  0.2479215 ]",0
dia662_utt5.mp4,"[ 0.05649412 -0.26173785  0.15099508 ...  0.8913782   0.46219373
  0.8466503 ]",0
dia621_utt7.mp4,"[ 0.12680979 -0.11297662  0.01101071 ...  0.21400575  0.17737812
  0.00038218]",0
dia937_utt3.mp4,"[-0.23599035 -0.04581285 -0.21373709 ...  0.11757292  1.675128
  0.11996949]",0
dia870_utt4.mp4,"[ 0.15361124 -0.02360361  0.10083344 ...  0.46681795  0.07449155
  0.03024329]",0
dia727_utt6.mp4,"[ 0.0663719   0.05911588 -0.09478225 ...  1.0299213   0.5741392
  0.3018335 ]",0
dia957_utt1.mp4,"[ 0.00317555 -0.00781732  0.04352165 ...  0.5350101   0.55853665
  0.4634594 ]",0
dia613_utt9.mp4,"[ 0.19978213  0.10608764 -0.10835008 ...  1.0149376   0.23683453
  0.19278452]",0
dia834_utt5.mp4,"[ 0.04373423 -0.0438202  -0.06736878 ...  0.42955416  0.47531667
  0.09517233]",0
dia744_utt1.mp4,"[-1.58816669e-03 -1.01106107e-01 -1.03582606e-01 ...  1.04063869e+00
  3.77675235e-01  1.89025939e+00]",0
dia608_utt9.mp4,"[ 0.02532879 -0.04677907  0.10595474 ...  0.08641294  0.04056688
  0.7414654 ]",0
dia561_utt10.mp4,"[ 0.0672944  -0.10566103 -0.0517377  ...  0.24313915  1.1770518
  0.25099796]",0
dia634_utt5.mp4,"[ 0.16356322  0.13300078 -0.05674241 ...  0.25021917  0.8557655
  0.5130146 ]",0
dia820_utt9.mp4,"[ 0.01457668 -0.01688092  0.23365293 ...  0.32562017  0.42136645
  0.20957501]",0
dia851_utt15.mp4,"[ 0.14469878 -0.0725826   0.01553906 ...  0.30331904  0.33530304
  0.49917907]",0
dia806_utt2.mp4,"[ 0.01207344  0.07634187 -0.15402602 ...  0.14256285  0.2137161
  0.6136965 ]",0
dia924_utt0.mp4,"[-0.00641053  0.10480036  0.17003678 ...  0.40809566  0.4514811
  0.44617063]",0
dia952_utt3.mp4,"[ 0.04292721 -0.14931251 -0.06242154 ...  0.12686437  0.4995491
  0.0111876 ]",0
dia771_utt6.mp4,"[ 0.02593108 -0.10252856  0.09306359 ...  1.9172939   0.6055368
  0.23093009]",0
dia843_utt3.mp4,"[ 0.03258904  0.09454021 -0.06753333 ...  1.2626151   0.6418095
  0.4400857 ]",0
dia948_utt8.mp4,"[ 0.21408619 -0.03347258 -0.00176016 ...  0.2138445   0.8179434
  1.0017849 ]",0
dia945_utt10.mp4,[0.0939932  0.09951314 0.0939234  ... 0.04793126 0.71524394 1.2659492 ],0
dia629_utt10.mp4,"[-0.1641378   0.1274122  -0.09021042 ...  0.59895134  0.2236801
  0.48125377]",0
dia654_utt2.mp4,[0.04263075 0.02187124 0.04001095 ... 0.0341767  0.12385695 1.0515133 ],0
dia916_utt12.mp4,"[ 0.0766754   0.05839148 -0.01475401 ...  0.42116436  0.3450474
  0.3628961 ]",0
dia853_utt12.mp4,"[ 0.15726861  0.03962003 -0.06095573 ...  0.12449481  0.5748661
  0.32529417]",0
dia964_utt0.mp4,"[ 0.04901306  0.02698076 -0.14560562 ...  1.2923526   1.169895
  0.18994212]",0
dia557_utt4.mp4,"[ 0.03480451 -0.0139033  -0.09653716 ...  0.17248309  0.80778044
  0.33637887]",0
dia682_utt2.mp4,"[ 0.05276528 -0.03266831  0.0077413  ...  0.6399368   0.771857
  1.2080648 ]",0
dia649_utt10.mp4,"[-0.07861545 -0.14114147  0.05403543 ...  0.558786    0.32048744
  0.4962825 ]",0
dia629_utt0.mp4,[0.04464694 0.01452061 0.21846804 ... 0.77166003 0.25050348 0.73736507],0
dia884_utt13.mp4,"[ 0.04185598 -0.0179963  -0.09096728 ...  0.8149999   0.18192455
  0.09801247]",0
dia730_utt8.mp4,"[ 0.04985499 -0.04537171  0.11816194 ...  0.98468524  0.8646165
  0.52450645]",0
dia908_utt15.mp4,"[-0.03050683  0.14491177 -0.14860177 ...  0.23760517  0.5230457
  0.76294345]",0
dia732_utt1.mp4,"[ 0.05451095 -0.04749013  0.0596461  ...  0.85381526  0.16921632
  0.10440536]",0
dia845_utt4.mp4,"[ 0.05534104  0.04341461 -0.0164564  ...  0.55257905  0.6970099
  0.8959368 ]",0
dia671_utt15.mp4,[0.08224046 0.05745119 0.19483276 ... 0.25240463 0.9557821  0.62604916],0
dia670_utt9.mp4,"[ 1.6388848e-01 -1.5913695e-04  4.8681919e-02 ...  5.4863667e-01
  6.2839651e-01  2.6136774e-01]",0
dia787_utt2.mp4,"[ 0.0870534  -0.02620119 -0.05960764 ...  1.315655    0.55734044
  0.8483556 ]",0
dia857_utt11.mp4,"[ 0.06261741 -0.11155101 -0.09535025 ...  0.27814838  0.928789
  0.19007428]",0
dia929_utt1.mp4,"[ 0.02007299 -0.01461889  0.01216547 ...  0.3238514   0.33528847
  0.07733683]",0
dia574_utt15.mp4,"[ 0.06468959  0.00472239 -0.08992883 ...  0.1006946   0.28692055
  1.1853347 ]",0
dia967_utt4.mp4,"[ 0.05724346 -0.06181667 -0.07937207 ...  1.3815224   0.578823
  0.39798084]",0
dia682_utt3.mp4,"[ 0.0488144  -0.07336704  0.11540823 ...  0.33117276  1.0173415
  0.94393903]",0
dia698_utt7.mp4,"[ 0.1367472  -0.0682973   0.02688321 ...  0.37793323  1.1514468
  0.5639635 ]",0
dia851_utt0.mp4,"[-0.08785997  0.05938845 -0.02557092 ...  0.6336545   0.27694568
  0.34692794]",0
dia1033_utt2.mp4,"[ 0.13616759 -0.02043752  0.02544083 ...  0.24099107  0.09226333
  0.04945045]",0
dia821_utt12.mp4,"[ 0.01473595  0.00459511 -0.00318009 ...  0.04487647  0.7449365
  0.00880509]",0
dia871_utt3.mp4,"[-0.03776776 -0.01845613  0.10725543 ...  0.14333293  0.71876085
  0.3698397 ]",0
dia904_utt6.mp4,"[-7.3313713e-05  6.0519435e-02 -7.1197599e-03 ...  7.5247681e-01
  4.9724039e-01  2.5862885e-01]",0
dia640_utt6.mp4,"[ 0.04949846  0.04272997 -0.10135878 ...  0.27913606  0.62645596
  0.11580223]",0
dia682_utt1.mp4,[0.0574665  0.0272108  0.12339663 ... 0.21367624 0.90875447 0.7091819 ],0
dia857_utt6.mp4,"[ 0.24126595 -0.04508455 -0.00228132 ...  0.85084116  0.7482552
  0.8733225 ]",0
dia978_utt3.mp4,"[-0.07636114 -0.13634318 -0.19342428 ...  0.063772    0.00241794
  1.0648364 ]",0
dia634_utt2.mp4,"[-0.0519946   0.0514987  -0.06509941 ...  0.19605328  0.5583936
  0.32429293]",0
dia836_utt9.mp4,"[ 0.1598381   0.1329682  -0.16791956 ...  0.12199435  0.3391408
  1.5520895 ]",0
dia854_utt5.mp4,"[-0.12469281  0.02742611  0.04380195 ...  0.2645902   0.77576196
  1.4389555 ]",0
dia714_utt1.mp4,"[ 0.10506888 -0.03919435  0.12341972 ...  0.7042202   0.96322334
  0.77129424]",0
dia817_utt12.mp4,"[-0.0587698  -0.04735145  0.01503905 ...  0.08804771  0.487832
  0.38099033]",0
dia686_utt0.mp4,[0.14005183 0.00850498 0.07037972 ... 0.47250137 0.14375314 0.58012193],0
dia847_utt5.mp4,"[ 0.05019964 -0.15957853  0.16295533 ...  0.92023325  0.16145504
  0.53937423]",0
dia809_utt8.mp4,"[-0.05964702 -0.06776545  0.13961023 ...  0.2157197   0.6833149
  0.45440426]",0
dia650_utt8.mp4,"[ 0.13809231 -0.08902428 -0.02336761 ...  0.6732824   0.30061504
  0.05472403]",0
dia965_utt5.mp4,"[ 0.07124851 -0.09629748  0.12176948 ...  0.3019517   0.24011846
  0.78615093]",0
dia662_utt0.mp4,"[-0.1571325  -0.2866136  -0.305906   ...  0.43973985  0.6657935
  0.36326513]",0
dia619_utt2.mp4,"[ 0.01005499 -0.07424898 -0.19691585 ...  0.08524098  0.19140829
  0.42968917]",0
dia774_utt1.mp4,"[-0.01282907  0.02237968 -0.00679448 ...  0.26396295  0.07767315
  0.60346025]",0
dia962_utt2.mp4,"[ 0.17720523  0.0267873  -0.12374036 ...  0.47068176  1.1021305
  0.77289903]",0
dia602_utt4.mp4,"[-0.12684856 -0.08605759 -0.18547788 ...  0.15606126  0.4466853
  0.81073064]",0
dia842_utt1.mp4,"[ 0.05936567 -0.0514509  -0.10773094 ...  1.2128643   1.1168864
  0.01930362]",0
dia743_utt5.mp4,"[ 0.04015392 -0.11648039  0.04937005 ...  0.27543515  0.21853967
  0.44338903]",0
dia797_utt7.mp4,"[-0.13809375 -0.01623123  0.08805056 ...  0.46950394  1.2250443
  0.42310604]",0
dia799_utt5.mp4,"[-0.01213247  0.03165341  0.0171511  ...  0.4554223   1.5159683
  0.5078389 ]",0
dia792_utt2.mp4,"[ 0.21955878  0.03867554 -0.15800965 ...  0.49552536  0.38937753
  0.44054428]",0
dia1018_utt4.mp4,"[ 0.12269874 -0.04562116 -0.33979684 ...  0.01562791  0.75096315
  0.22569442]",0
dia1027_utt3.mp4,"[ 0.18461788 -0.03039902  0.12920727 ...  0.718269    0.05118748
  0.5835324 ]",0
dia813_utt7.mp4,"[-0.04829377  0.05428112 -0.04702584 ...  0.29541788  0.13991311
  0.27250856]",0
dia948_utt12.mp4,"[ 0.10850783 -0.00526865 -0.07922334 ...  0.1156224   0.8661537
  1.1611764 ]",0
dia973_utt17.mp4,"[-0.1845716   0.04129016 -0.02811331 ...  0.02648135  0.13124439
  1.2134913 ]",0
dia831_utt5.mp4,"[-0.1202766  -0.07175445 -0.06353965 ...  0.05502182  1.0031677
  0.28254324]",0
dia852_utt7.mp4,"[-0.02844866  0.0089436  -0.02134562 ...  0.48416606  1.012611
  0.39691442]",0
dia992_utt13.mp4,"[ 0.04111563 -0.11697229 -0.22656295 ...  0.1724571   0.08193678
  0.5816218 ]",0
dia686_utt4.mp4,"[ 0.00557416 -0.01702373  0.08079122 ...  0.07801811  0.64786375
  0.73189956]",0
dia853_utt5.mp4,"[ 0.06967245 -0.13450396  0.1225265  ...  0.44335884  0.7853786
  0.02392187]",0
dia901_utt14.mp4,"[ 0.07771248 -0.11718863 -0.03112045 ...  0.16786775  0.94661987
  2.2958782 ]",0
dia836_utt8.mp4,"[-0.07938113 -0.06352102 -0.10631792 ...  0.19241424  0.5634768
  1.5792496 ]",0
dia816_utt0.mp4,"[-0.00967116  0.05153087 -0.01267435 ...  0.1557212   0.8475996
  0.6158177 ]",0
dia932_utt0.mp4,"[-0.02272841 -0.09403669 -0.20357478 ...  0.46554622  0.800202
  1.1028372 ]",0
dia655_utt2.mp4,"[ 7.4344967e-04  4.1164823e-02 -4.9753509e-02 ...  8.5661459e-01
  1.5428007e-01  1.3607755e+00]",0
dia834_utt0.mp4,[0.03063241 0.102587   0.02182735 ... 0.81809676 0.47263393 0.3654428 ],0
dia973_utt10.mp4,"[ 0.06987008 -0.09906795  0.12414738 ...  0.42834997  0.13886583
  0.9027828 ]",0
dia670_utt5.mp4,"[ 0.07831287 -0.00982521  0.06600639 ...  0.5077201   0.24140196
  2.0256443 ]",0
dia900_utt11.mp4,"[-0.03504199  0.05789525  0.06132503 ...  0.06994523  0.09929937
  0.9737733 ]",0
dia657_utt10.mp4,"[-0.11204566 -0.1358637   0.00803993 ...  1.2853234   0.7177176
  0.313579  ]",0
dia1007_utt3.mp4,"[-0.13237043 -0.09844981 -0.05336374 ...  1.2480209   1.3922306
  0.6882601 ]",0
dia910_utt9.mp4,"[ 0.01173794 -0.00802146 -0.21673638 ...  0.09076194  0.3646665
  0.08630605]",0
dia940_utt8.mp4,"[-0.07773702 -0.08864012 -0.22785945 ...  0.21730867  0.13072124
  0.945831  ]",0
dia763_utt5.mp4,"[-0.04705561 -0.01162742 -0.14571804 ...  0.44379076  0.28023756
  0.7395557 ]",0
dia1027_utt1.mp4,"[ 0.15980259 -0.01592579 -0.08117975 ...  0.49280873  0.3232692
  1.4645793 ]",0
dia720_utt13.mp4,"[ 0.2416762  -0.13402206  0.11646959 ...  0.31278795  0.04719757
  1.199435  ]",0
dia844_utt5.mp4,"[ 0.0734703  -0.06576809 -0.24392866 ...  0.542537    0.00058944
  0.24735567]",0
dia893_utt12.mp4,[0.06942374 0.06332944 0.01289666 ... 0.32218626 0.22803429 0.35564032],0
dia855_utt5.mp4,"[ 0.04037902 -0.06665319  0.07048202 ...  0.6114222   0.1565413
  1.2119929 ]",0
dia932_utt4.mp4,"[-0.07449605 -0.12501146 -0.14278767 ...  0.02196426  0.31668395
  0.19668916]",0
dia901_utt7.mp4,"[-0.01098448  0.0145357   0.01710427 ...  0.06509291  0.22148752
  1.4741831 ]",0
dia962_utt4.mp4,"[ 0.17486842 -0.10077893  0.0671701  ...  0.6698757   0.5255063
  0.49316102]",0
dia646_utt21.mp4,"[-0.10852943 -0.0520006   0.10423407 ...  0.80312157  1.2158276
  0.48100215]",0
dia853_utt9.mp4,"[ 0.09747747  0.04119411 -0.13425967 ...  0.18466628  0.32510176
  0.45568323]",0
dia1016_utt18.mp4,"[ 0.2582571  -0.02638956  0.01421239 ...  0.21672669  0.6531938
  0.39146   ]",0
dia1032_utt2.mp4,"[ 0.09433123 -0.05730843 -0.1611759  ...  0.11488195  1.2333269
  0.80089474]",0
dia956_utt13.mp4,"[-0.01119095  0.02680762  0.04494889 ...  0.07565348  0.39617434
  0.16940716]",0
dia811_utt3.mp4,"[ 0.19449288 -0.09021798  0.07342284 ...  0.26301572  0.40497237
  0.7824622 ]",0
dia803_utt4.mp4,"[ 0.08188578 -0.0373883  -0.22593123 ...  0.4601512   0.09154671
  0.3445745 ]",0
dia671_utt8.mp4,"[ 0.16621809  0.03603188 -0.19558105 ...  0.3624714   1.0975518
  1.3205864 ]",0
dia1003_utt0.mp4,"[-0.07625883 -0.0592703   0.0165292  ...  0.26337904  0.30635795
  0.26717418]",0
dia816_utt2.mp4,"[-0.04537771  0.09389637  0.098956   ...  0.4403684   0.01640677
  0.2512845 ]",0
dia698_utt5.mp4,"[-0.02337249 -0.02443528  0.01891167 ...  0.2537545   0.7634084
  1.0607197 ]",0
dia990_utt6.mp4,"[ 0.10129204  0.00774728 -0.12402385 ...  0.4790772   0.19235873
  2.6730487 ]",0
dia857_utt1.mp4,"[ 0.0418966  -0.12885734 -0.05533798 ...  0.05513727  0.48038942
  0.27549118]",0
dia655_utt8.mp4,[0.15776491 0.06951451 0.01474578 ... 1.0706232  0.09752689 0.40516633],0
dia911_utt1.mp4,"[ 0.09118339 -0.10311481 -0.17042667 ...  0.07294136  0.5713743
  0.656833  ]",0
dia659_utt5.mp4,"[ 0.07868816 -0.0816433  -0.04303445 ...  0.06149008  0.8438923
  0.43364444]",0
dia644_utt6.mp4,"[-0.1134843   0.12600008 -0.05816227 ...  0.24671969  0.91982186
  0.6069278 ]",0
dia947_utt8.mp4,"[-0.00256411  0.01722856 -0.0292327  ...  0.88825214  0.10518578
  0.47611856]",0
dia1009_utt0.mp4,"[-0.00290436 -0.03488947 -0.22445405 ...  1.3872263   0.13300337
  0.02898588]",0
dia792_utt15.mp4,"[-0.03737989  0.1576784  -0.1161818  ...  0.2612388   0.6586217
  0.26561427]",0
dia1005_utt11.mp4,"[-0.05768701  0.01804831  0.07171306 ...  0.24536233  0.44582215
  0.83792   ]",0
dia662_utt6.mp4,"[ 0.065461    0.01034974 -0.03364639 ...  0.7951519   0.48206466
  0.66488683]",0
dia892_utt13.mp4,"[ 0.17815392 -0.03818021 -0.00419345 ...  0.32618985  0.20973758
  0.87818307]",0
dia719_utt5.mp4,"[-0.19745566 -0.09747537  0.10416023 ...  0.20539196  0.41542354
  0.39133495]",0
dia676_utt10.mp4,"[ 4.5172993e-02 -8.6633392e-02 -1.0587275e-05 ...  3.2094979e-01
  6.1862355e-01  1.2265450e+00]",0
dia763_utt9.mp4,"[ 0.2443388  -0.0083796   0.0461047  ...  0.55815595  0.00493829
  0.39705884]",0
dia693_utt3.mp4,"[ 0.07495141 -0.02095599  0.10374055 ...  0.22339351  1.0741899
  1.5551971 ]",0
dia679_utt2.mp4,"[-0.0972632  -0.03309131  0.13283563 ...  1.2942779   1.0824845
  0.17655683]",0
dia714_utt2.mp4,"[-0.14686532  0.00713354 -0.07486455 ...  0.55090207  1.4640498
  1.925567  ]",0
dia819_utt8.mp4,"[ 0.0203188  -0.0156706  -0.02428597 ...  0.5203304   0.8556997
  0.22011375]",0
dia945_utt9.mp4,"[ 0.22726344 -0.07602655 -0.1703666  ...  0.02507131  0.6324159
  0.55936635]",0
dia674_utt0.mp4,"[-0.26259658 -0.26637298  0.14616397 ...  0.88344467  0.25322375
  0.4011115 ]",0
dia777_utt2.mp4,"[-0.10533648  0.03047143  0.13900504 ...  0.59151024  0.5384797
  0.7242178 ]",0
dia788_utt0.mp4,"[ 0.08263031 -0.03780578  0.05254654 ...  1.4596571   0.01601275
  1.6835158 ]",0
dia694_utt3.mp4,"[ 9.2639681e-04 -2.5203189e-02  4.1501820e-03 ...  4.4589043e-01
  4.6383429e-01  1.3475022e+00]",0
dia562_utt7.mp4,"[ 0.05300016 -0.08509168  0.25268856 ...  0.0560311   0.8564612
  1.2607864 ]",0
dia737_utt6.mp4,"[-0.18229917 -0.19356315 -0.05430247 ...  0.60716116  0.66060656
  0.0402704 ]",0
dia960_utt7.mp4,[0.08177707 0.10797741 0.09631406 ... 0.04893869 0.5867572  1.6285267 ],0
dia1013_utt0.mp4,"[ 0.16544361 -0.10324524  0.06377569 ...  0.58865917  0.79570925
  0.6580232 ]",0
dia630_utt8.mp4,"[-0.09927414 -0.01614499  0.02802438 ...  0.45302534  0.08831339
  0.9224604 ]",0
dia984_utt1.mp4,[0.13936567 0.01831865 0.00499211 ... 0.81711733 0.20676056 0.3082335 ],0
dia842_utt3.mp4,"[-0.11605254 -0.15211575  0.20135072 ...  0.83392     0.8346962
  0.31044757]",0
dia840_utt4.mp4,"[-0.05074285 -0.03479826 -0.25452334 ...  0.4954626   0.11640961
  0.34796312]",0
dia923_utt2.mp4,"[ 0.07760514 -0.06314469 -0.12333945 ...  0.833838    0.77296156
  0.4499251 ]",0
dia564_utt0.mp4,"[ 0.11824308 -0.01822165 -0.08611732 ...  0.52615243  0.27349988
  0.10605411]",0
dia590_utt7.mp4,"[ 0.11223181 -0.06776128  0.19838223 ...  0.04743625  0.24601825
  0.20981494]",0
dia761_utt1.mp4,[0.04140777 0.05242402 0.03200124 ... 0.26118165 0.36947888 0.54948944],0
dia626_utt7.mp4,"[-0.04857373 -0.00610629  0.12039919 ...  0.538355    0.6140531
  0.6408741 ]",0
dia872_utt0.mp4,"[ 0.09991036 -0.09631559 -0.18626104 ...  0.5917533   1.0175265
  0.33786017]",0
dia571_utt15.mp4,[0.03066513 0.11760606 0.13303694 ... 0.1405296  0.21381882 1.8883927 ],0
dia589_utt5.mp4,"[ 0.07549185  0.13028722 -0.08259496 ...  0.27943438  0.33869523
  0.21897066]",0
dia665_utt11.mp4,[0.18630703 0.05646534 0.0940577  ... 0.11997807 0.37643084 0.47419342],0
dia897_utt8.mp4,"[ 0.04511775  0.02825765 -0.10098299 ...  1.0104024   0.4928657
  1.1282126 ]",0
dia590_utt11.mp4,"[ 0.08821734 -0.02198402 -0.06793138 ...  0.07368865  0.15539229
  0.7189439 ]",0
dia1026_utt13.mp4,"[-0.0992799  -0.10680393 -0.18389633 ...  0.53697145  1.4206005
  0.18251236]",0
dia649_utt2.mp4,"[-0.02214007  0.02080541  0.05479753 ...  0.8110205   1.4094195
  0.8495287 ]",0
dia840_utt6.mp4,"[-0.008103   -0.14973599  0.10623999 ...  0.33960643  0.01304857
  0.28438216]",0
dia898_utt2.mp4,[0.11957878 0.09549095 0.00641266 ... 1.1801342  1.5163741  2.724526  ],0
dia714_utt4.mp4,"[-0.07465269 -0.03820715 -0.0509733  ...  0.12025382  1.8131269
  1.7069988 ]",0
dia991_utt12.mp4,"[-0.10812593  0.08884221 -0.12509896 ...  0.84759367  0.6570977
  0.15085557]",0
dia861_utt3.mp4,"[ 0.08799581 -0.08162452 -0.06740231 ...  0.02969771  0.18388587
  0.43961352]",0
dia949_utt0.mp4,[0.18963423 0.08425311 0.06889071 ... 0.2309972  0.07659812 0.458054  ],0
dia905_utt5.mp4,"[ 0.1433195  -0.04367167  0.14250712 ...  0.05020521  0.92248046
  1.9831421 ]",0
dia584_utt0.mp4,"[ 0.07035297 -0.06850709  0.00638332 ...  0.07746097  0.4297448
  0.96652156]",0
dia670_utt13.mp4,"[-0.04859706  0.08525164  0.10366885 ...  0.22506222  0.40973052
  0.25346822]",0
dia849_utt2.mp4,"[ 0.02961434 -0.11595136  0.08353825 ...  0.08153392  0.4380591
  0.31733686]",0
dia958_utt0.mp4,"[ 0.09949858  0.0343123  -0.03217109 ...  0.5442789   0.371969
  0.34742004]",0
dia671_utt3.mp4,"[ 0.17890477  0.12035546 -0.02257507 ...  0.43443316  0.3759851
  0.90605795]",0
dia834_utt10.mp4,"[ 0.08522135 -0.17015366 -0.11868616 ...  1.1317811   0.18563558
  0.11596209]",0
dia689_utt6.mp4,"[-0.16363937 -0.12779613 -0.20358072 ...  0.58660805  0.4049217
  0.78960466]",0
dia783_utt6.mp4,"[ 0.12135966 -0.06869557  0.14199047 ...  0.7756341   0.23682138
  1.1038672 ]",0
dia740_utt13.mp4,[0.20750883 0.10350832 0.10308382 ... 0.14785798 0.00388351 0.18945983],0
dia864_utt0.mp4,"[ 0.11279134 -0.02476387  0.10117273 ...  0.26890334  0.2032341
  0.42118153]",0
dia910_utt13.mp4,"[ 0.15757805  0.11194441 -0.1965382  ...  0.17378584  0.00167415
  0.71913564]",0
dia646_utt18.mp4,"[ 0.1368307  -0.0091281   0.01222324 ...  0.6940069   0.2485838
  0.08439304]",0
dia656_utt0.mp4,"[-0.07089612 -0.00351338 -0.06058386 ...  0.3111275   0.0863144
  0.41937137]",0
dia961_utt10.mp4,"[ 0.01806134 -0.02411093 -0.06019694 ...  0.19016342  0.61636937
  0.95226943]",0
dia673_utt7.mp4,"[ 0.00429708 -0.04349962 -0.27790338 ...  1.148695    1.6875107
  1.6335417 ]",0
dia808_utt1.mp4,"[-0.08274847 -0.1054853   0.00323882 ...  0.03308959  0.18105632
  0.5054816 ]",0
dia1024_utt11.mp4,"[-0.11902826 -0.1379057   0.25198728 ...  0.1972228   0.77256227
  1.0531284 ]",0
dia918_utt3.mp4,"[ 0.07484254 -0.06286529  0.07457057 ...  0.33480823  0.1961451
  0.894029  ]",0
dia720_utt12.mp4,"[ 0.17719269 -0.08646816 -0.15134563 ...  0.17522116  0.95112675
  0.3114075 ]",0
dia778_utt3.mp4,"[ 0.11672106  0.09802234 -0.10497876 ...  0.08136199  0.06232376
  0.75826657]",0
dia959_utt0.mp4,"[ 0.24264318 -0.02794824  0.01834986 ...  0.45710284  0.2871517
  0.39406165]",0
dia657_utt12.mp4,"[ 0.01066811 -0.01647517  0.14111769 ...  0.30501255  0.9539626
  0.18290982]",0
dia563_utt8.mp4,"[-0.04127606 -0.00166654  0.05009295 ...  0.9694718   0.3744134
  0.57943594]",0
dia990_utt3.mp4,"[ 0.17127202 -0.14271751 -0.09584767 ...  0.6316552   0.14893416
  0.735327  ]",0
dia976_utt0.mp4,"[ 0.15228541 -0.03521921  0.10753325 ...  1.5302436   0.15098007
  0.13692474]",0
dia924_utt5.mp4,"[ 0.09977139 -0.09853014 -0.17221399 ...  0.02115755  0.51564956
  0.63201135]",0
dia568_utt10.mp4,"[-0.02117715  0.03107675 -0.0593335  ...  0.12280114  0.22767758
  0.30640143]",0
dia1005_utt2.mp4,"[ 0.20573482 -0.0565774   0.17753148 ...  0.26041606  0.20435353
  0.8770215 ]",0
dia658_utt10.mp4,"[ 0.16639313 -0.03492589 -0.15355673 ...  1.4293497   0.85666656
  0.01073023]",0
dia836_utt10.mp4,"[ 0.05236398 -0.07311044 -0.06414124 ...  0.03501035  0.47134656
  1.5198843 ]",0
dia948_utt14.mp4,"[ 0.00710606 -0.08748515  0.06539235 ...  0.08600679  0.9590567
  1.5211667 ]",0
dia1032_utt4.mp4,"[ 0.06155118 -0.05725943 -0.20543768 ...  0.11807893  1.3951582
  0.9258083 ]",0
dia584_utt7.mp4,"[-0.14561775 -0.06792885 -0.08016668 ...  0.16410305  0.628614
  0.02000701]",0
dia783_utt3.mp4,"[ 0.06526701  0.00500062 -0.20444603 ...  0.50921214  0.26210764
  1.0105473 ]",0
dia659_utt6.mp4,"[-0.11523774 -0.12294124 -0.08089647 ...  0.1908366   0.81575185
  1.1889639 ]",0
dia740_utt11.mp4,"[ 0.09122331 -0.02818364 -0.00685199 ...  0.25193793  0.19927004
  0.23883812]",0
dia679_utt5.mp4,"[-0.05814621 -0.11680782  0.27867842 ...  0.9930251   0.8396729
  0.40903538]",0
dia945_utt5.mp4,[0.24927625 0.12698202 0.11085007 ... 0.60707766 0.569854   0.8847979 ],0
dia1026_utt5.mp4,"[-0.03914062  0.03254538  0.05562348 ...  0.78410006  0.3033623
  0.84497535]",0
dia655_utt9.mp4,[0.01580195 0.0343591  0.11517382 ... 1.1740943  0.08041404 0.4360451 ],0
dia996_utt1.mp4,"[ 0.19497545 -0.07520052  0.10681611 ...  0.41499287  0.7492238
  1.0725049 ]",0
dia972_utt6.mp4,"[-0.07055625 -0.05405066 -0.06178439 ...  0.43495622  0.23691599
  1.056397  ]",0
dia755_utt1.mp4,"[-0.04557373 -0.03755228 -0.12140116 ...  0.04526676  0.33890194
  1.0106477 ]",0
dia888_utt5.mp4,"[ 0.14665037  0.0037828  -0.06558013 ...  0.0340598   0.14436367
  0.5993516 ]",0
dia821_utt1.mp4,"[-0.08160807 -0.04873759  0.01477677 ...  0.15601932  0.03338858
  0.6948878 ]",0
dia722_utt6.mp4,"[-0.07314295  0.09788778 -0.06219742 ...  0.05923449  0.30435982
  0.12566203]",0
dia939_utt2.mp4,"[ 0.1103278  -0.04218315  0.09933876 ...  0.86040294  0.2283053
  0.45964924]",0
dia831_utt0.mp4,"[-0.02538409 -0.03652275 -0.1483115  ...  0.2443285   0.42093906
  0.61350423]",0
dia796_utt3.mp4,"[ 0.15968755 -0.02228147 -0.2885721  ...  0.2479775   0.84317607
  0.92010003]",0
dia657_utt11.mp4,"[-0.0476978  -0.10827395 -0.01412898 ...  1.2325938   0.9131633
  0.37218973]",0
dia960_utt9.mp4,"[ 0.07624635 -0.053939   -0.02922302 ...  0.65599513  0.28726774
  0.32985625]",0
dia1006_utt3.mp4,"[ 0.00876058 -0.2022467   0.16363102 ...  0.23313324  0.7311524
  0.13669457]",0
dia673_utt20.mp4,"[ 0.02172267  0.03098805 -0.2049759  ...  0.26096457  0.15712073
  0.99426687]",0
dia565_utt2.mp4,"[ 0.01445985 -0.02201311 -0.14395607 ...  0.97072375  0.49532443
  1.5934731 ]",0
dia646_utt0.mp4,"[ 0.18846208  0.08031582 -0.17795093 ...  0.9547259   0.5192415
  0.08254759]",0
dia804_utt7.mp4,"[ 0.1882479   0.06169812 -0.06331259 ...  0.02059267  0.37594676
  0.251091  ]",0
dia754_utt3.mp4,[0.15467012 0.04282603 0.04880121 ... 1.1845767  0.8099619  1.4761145 ],0
dia692_utt1.mp4,"[ 0.07528945 -0.0070537   0.10023502 ...  0.13391504  1.3580058
  0.7749406 ]",0
dia832_utt15.mp4,[0.1007317  0.0452491  0.03445413 ... 0.33958656 0.01911889 0.6949728 ],0
dia669_utt1.mp4,[0.09907594 0.10507515 0.13231216 ... 0.8566613  0.16417983 0.5450467 ],0
dia622_utt14.mp4,"[ 0.23083484  0.03428172 -0.20761839 ...  1.5311124   1.8530385
  0.03611316]",0
dia737_utt8.mp4,"[-0.05117292 -0.12901579  0.08585931 ...  0.5452497   0.02044929
  0.44779238]",0
dia640_utt8.mp4,"[-0.05632203  0.01907701 -0.13230681 ...  0.31546545  0.5018875
  0.21167886]",0
dia923_utt1.mp4,"[ 0.03955251 -0.03813307 -0.0166172  ...  0.15773156  0.8323572
  0.52206725]",0
dia665_utt15.mp4,[0.06501982 0.02652149 0.02859199 ... 0.08259701 0.2511616  0.36954   ],0
dia865_utt1.mp4,"[-0.04300386 -0.10854708 -0.02943166 ...  0.94291306  0.74871904
  0.20096938]",0
dia1016_utt5.mp4,"[ 0.02232352 -0.05811787  0.01944304 ...  0.7962409   0.38734645
  0.12244731]",0
dia618_utt0.mp4,"[-0.1407147   0.11058694  0.00842954 ...  0.46655178  0.16877973
  0.6258215 ]",0
dia1019_utt14.mp4,"[ 0.20987862  0.02102241 -0.07123081 ...  0.6882371   0.5060584
  0.45955604]",0
dia935_utt4.mp4,"[-3.23043019e-02  1.13908365e-01 -5.13046980e-04 ...  4.87175763e-01
  1.02114066e-01  6.12609625e-01]",0
dia706_utt4.mp4,"[ 0.00228963  0.02934311 -0.02438431 ...  0.24782805  0.30716148
  0.27023715]",0
dia944_utt1.mp4,"[ 0.00662997 -0.09321096 -0.03089192 ...  0.6687981   0.97342396
  0.1747776 ]",0
dia671_utt9.mp4,"[ 0.10330497  0.0416769  -0.03066492 ...  0.02411748  0.33196157
  0.35533625]",0
dia855_utt1.mp4,"[ 0.19202757 -0.11462665  0.01383035 ...  0.09233504  0.3149321
  0.6356525 ]",0
dia560_utt5.mp4,"[-0.09266119  0.01870925  0.17620575 ...  0.6059571   0.16548318
  0.4940993 ]",0
dia901_utt10.mp4,"[ 0.13678733 -0.00154123  0.01673155 ...  0.04938085  0.2927852
  0.49003324]",0
dia767_utt0.mp4,"[ 0.16832143  0.03849376 -0.16523007 ...  0.32600194  0.18571979
  0.17194042]",0
dia1037_utt2.mp4,"[-0.10269734 -0.03650197  0.17455688 ...  0.25499275  0.14423306
  0.08093864]",0
dia743_utt3.mp4,"[ 0.14541619  0.01928851 -0.03474307 ...  0.4006776   0.19600114
  0.46383768]",0
dia950_utt6.mp4,"[-0.04958332 -0.04085444 -0.17249237 ...  0.83562136  0.16772595
  0.20929027]",0
dia1031_utt0.mp4,"[ 0.06520894  0.11567723 -0.01994952 ...  0.03382357  1.321828
  0.06197125]",0
dia713_utt2.mp4,"[-0.12416396  0.10420938  0.10773716 ...  0.91257656  0.45448503
  0.2844433 ]",0
dia810_utt9.mp4,"[-0.1101172   0.00541505  0.14639837 ...  0.7447629   0.42918316
  1.0393971 ]",0
dia1017_utt3.mp4,"[ 0.03123937 -0.05301214 -0.09396651 ...  0.02554082  0.2897659
  0.3528299 ]",0
dia759_utt2.mp4,"[ 0.12428531 -0.06928369 -0.12344247 ...  0.20141022  0.13721904
  0.03199405]",0
dia844_utt14.mp4,"[-0.03236175  0.04241639 -0.01167917 ...  0.07904993  0.60230935
  0.7473451 ]",0
dia950_utt8.mp4,"[ 0.15664862 -0.06308807 -0.16226217 ...  0.6504407   0.5725904
  0.6451658 ]",0
dia704_utt1.mp4,"[-0.09553885 -0.09503073  0.13243788 ...  0.06362794  0.08764289
  0.10984645]",0
dia716_utt4.mp4,"[ 0.19322497  0.16308947 -0.07330824 ...  0.64780957  1.6747596
  1.9818796 ]",0
dia730_utt7.mp4,"[ 0.06400681 -0.0502431  -0.05863976 ...  0.80391103  0.60411215
  0.6039416 ]",0
dia980_utt9.mp4,"[-0.13958988 -0.15838894  0.15048233 ...  0.01032158  1.5411675
  1.1948677 ]",0
dia670_utt10.mp4,"[-0.0873173  -0.05176017 -0.15419993 ...  0.42687392  0.7117306
  0.34699193]",0
dia1038_utt8.mp4,[0.02073578 0.06284875 0.03802708 ... 1.1811146  0.43558916 0.00449792],0
dia856_utt4.mp4,"[ 0.17884693 -0.10223807 -0.10520348 ...  0.25773838  0.17846546
  0.5575574 ]",0
dia689_utt13.mp4,"[-0.02526708 -0.01511023 -0.07254449 ...  0.13518162  0.66792923
  0.4599468 ]",0
dia605_utt1.mp4,"[-0.05254431  0.06371531  0.05475801 ...  0.31303185  0.34928018
  1.1427002 ]",0
dia916_utt6.mp4,[0.089029   0.0580814  0.11504439 ... 0.55474436 0.10186837 0.15812775],0
dia597_utt6.mp4,"[-0.02645624  0.06176214 -0.07180993 ...  0.47635633  0.422671
  0.17149045]",0
dia672_utt5.mp4,"[ 0.16479331  0.09793971 -0.15477741 ...  0.13806519  0.30061272
  0.1390008 ]",0
dia720_utt4.mp4,"[-0.08938442  0.01063044  0.11212879 ...  0.3417204   0.5590214
  0.7096749 ]",0
dia778_utt6.mp4,"[ 0.04237404 -0.01986425 -0.11477759 ...  1.4457456   0.71587
  1.2866608 ]",0
dia654_utt4.mp4,"[ 4.2426549e-02 -5.6200750e-02  1.8242262e-01 ...  5.7608588e-05
  6.9625922e-02  1.4708775e+00]",0
dia646_utt4.mp4,"[ 0.09568345  0.0916165  -0.18667826 ...  0.9729293   0.7920307
  0.3092169 ]",0
dia557_utt5.mp4,[0.01542333 0.02312031 0.01321121 ... 0.03254474 0.35911688 0.38722926],0
dia660_utt4.mp4,"[ 0.11126658  0.03142251 -0.04327755 ...  0.1431964   0.54133
  0.76703846]",0
dia651_utt9.mp4,"[-0.07864392 -0.07619407  0.0445359  ...  0.2169383   0.3165602
  1.0897526 ]",0
dia815_utt0.mp4,"[ 0.09954438 -0.11285253  0.09703672 ...  0.7139347   0.6407453
  0.4094066 ]",0
dia810_utt14.mp4,[0.1755996  0.01441818 0.10691407 ... 0.24538735 0.7763447  0.8361412 ],0
dia730_utt5.mp4,"[ 0.00921771 -0.07836419  0.00086366 ...  0.64700687  0.14054061
  0.21750908]",0
dia841_utt10.mp4,"[ 0.04786274  0.12809156 -0.01579756 ...  0.67614186  0.21193036
  0.5073724 ]",0
dia590_utt8.mp4,"[ 0.01843665 -0.02180671  0.04289645 ...  0.99174964  0.8976854
  0.30038446]",0
dia635_utt0.mp4,"[ 0.10222918  0.02171826 -0.03965303 ...  0.5997932   0.2719118
  0.48954517]",0
dia931_utt1.mp4,"[ 0.06757045 -0.08395556  0.08183354 ...  0.17203856  1.0826104
  0.03526999]",0
dia972_utt8.mp4,"[ 0.10599279 -0.11277354  0.05919819 ...  0.8709382   0.04282159
  0.9796875 ]",0
dia874_utt9.mp4,"[-0.02746569 -0.016129   -0.03742825 ...  0.50685877  0.17633334
  0.2319375 ]",0
dia640_utt0.mp4,"[-0.04421194 -0.06833502 -0.16547169 ...  0.36082345  0.01715486
  0.11742876]",0
dia611_utt4.mp4,"[ 0.02096251 -0.03537884  0.11809302 ...  0.85863054  0.8609276
  1.2262676 ]",0
dia632_utt16.mp4,"[ 0.0109263  -0.14295681 -0.00594044 ...  0.25009534  0.6227106
  0.28309432]",0
dia821_utt6.mp4,"[-0.03391594 -0.02517532 -0.00648022 ...  0.06812586  0.19255634
  0.5571861 ]",0
dia824_utt0.mp4,"[-0.04104213 -0.07956744  0.01327854 ...  0.93350536  0.41551948
  0.11257502]",0
dia988_utt3.mp4,"[ 0.29593045 -0.11269064  0.0143318  ...  1.0575103   0.5729533
  0.5237462 ]",0
dia858_utt3.mp4,"[ 0.07570931 -0.11740606 -0.08424453 ...  0.30888313  0.31188297
  0.01515453]",0
dia698_utt4.mp4,"[ 0.09373134  0.01133483 -0.05567709 ...  0.25017577  0.844772
  1.6699865 ]",0
dia720_utt2.mp4,"[-0.15115802  0.00945627  0.04074278 ...  0.58714753  0.28410783
  1.0942559 ]",0
dia632_utt11.mp4,"[-0.12031996 -0.04783466 -0.21361992 ...  0.9175185   0.7437459
  0.98794824]",0
dia690_utt1.mp4,"[-0.08984744  0.06677347  0.12776777 ...  0.60549545  0.20804422
  0.43978697]",0
dia770_utt14.mp4,"[ 0.09185681  0.00109073 -0.03687048 ...  0.17475757  0.20314355
  0.39168695]",0
dia799_utt1.mp4,[0.14495006 0.06115852 0.05115337 ... 1.5569873  1.0625225  0.70083344],0
dia796_utt0.mp4,[0.15805659 0.10590889 0.0118233  ... 0.13860762 0.41036668 1.12022   ],0
dia775_utt1.mp4,"[-0.03801606 -0.07965041  0.03812931 ...  0.21576068  1.323152
  0.74362075]",0
dia816_utt3.mp4,"[-0.15060718  0.12741643  0.07454243 ...  0.32320318  0.56504744
  0.43666086]",0
dia740_utt3.mp4,"[ 0.0067072   0.01909147 -0.04477353 ...  0.35291186  0.8522568
  0.8568549 ]",0
dia848_utt4.mp4,"[-0.2805828  -0.07177237 -0.04836016 ...  0.17250738  0.1639041
  0.4560953 ]",0
dia657_utt15.mp4,"[-0.01759614  0.2188489   0.01674544 ...  0.01424519  0.3402288
  0.00418413]",0
dia1032_utt1.mp4,"[ 0.1563009   0.16431354 -0.12950052 ...  0.10131329  0.19215307
  0.42764965]",0
dia888_utt2.mp4,"[ 0.16086067 -0.05524337  0.0441573  ...  0.17969368  0.07342607
  0.21158032]",0
dia689_utt4.mp4,"[ 0.02983434 -0.02047133  0.11138125 ...  0.7700492   0.40665904
  0.6254699 ]",0
dia918_utt11.mp4,"[-0.03811522  0.01283507 -0.18486999 ...  0.06745825  0.47339207
  0.34974584]",0
dia869_utt6.mp4,"[ 0.0372371   0.06482784 -0.08358596 ...  0.31985292  1.5020865
  0.70301676]",0
dia574_utt5.mp4,[0.01398349 0.11754826 0.06874435 ... 0.07438374 0.22833228 0.3729829 ],0
dia759_utt12.mp4,"[ 0.1083404   0.06143857 -0.11617503 ...  0.24715367  0.46472406
  0.47019443]",0
dia907_utt0.mp4,"[-0.10115951  0.08779773 -0.11275418 ...  0.4176765   0.06305709
  0.38671616]",0
dia939_utt15.mp4,"[-0.02878364  0.05258583  0.11044336 ...  0.15368247  0.85710496
  0.54969347]",0
dia990_utt15.mp4,"[-0.01723055  0.04379598  0.15977165 ...  0.3179079   0.33515307
  0.40573636]",0
dia733_utt3.mp4,"[ 0.0591726  -0.06592306  0.04390398 ...  1.0302123   0.08582934
  0.61615545]",0
dia844_utt6.mp4,"[ 0.04739922 -0.05148081 -0.4254766  ...  0.08451129  0.07537778
  0.48244277]",0
dia983_utt3.mp4,"[ 0.09398544 -0.01821494  0.03754931 ...  0.5244819   0.69043815
  0.64689624]",0
dia1007_utt13.mp4,[0.10031103 0.04266171 0.08014664 ... 0.29405263 0.2520058  0.15285514],0
dia1006_utt0.mp4,"[-0.13034767 -0.00962765  0.05733341 ...  0.15842943  0.30744198
  0.04131981]",0
dia1027_utt5.mp4,"[ 0.11229399 -0.09006819 -0.03849949 ...  0.60282624  0.10611784
  0.41320458]",0
dia1032_utt5.mp4,"[-0.2908433  -0.07469384 -0.12637548 ...  0.01325     0.88663495
  1.2923235 ]",0
dia820_utt7.mp4,"[ 0.10821287 -0.12586294  0.03465439 ...  0.51186115  0.4672669
  0.30939957]",0
dia655_utt5.mp4,"[ 0.13213137 -0.03968368 -0.11807193 ...  0.55317116  0.4672659
  0.62416965]",0
dia874_utt10.mp4,"[ 0.09017649 -0.08002245  0.03782604 ...  0.17827025  0.06036924
  0.26895863]",0
dia787_utt5.mp4,[0.23615319 0.06248894 0.01213849 ... 0.30045265 0.02078131 0.68199956],0
dia623_utt17.mp4,"[ 0.08301155 -0.13104928  0.01081739 ...  0.11637668  0.74862826
  0.48678637]",0
dia844_utt11.mp4,"[-0.01820715 -0.11123432 -0.05306385 ...  0.14175701  1.1475599
  0.6241736 ]",0
dia1024_utt5.mp4,"[ 0.13826962 -0.13422105  0.20274912 ...  0.07690199  0.56752896
  1.6055406 ]",0
dia849_utt6.mp4,"[ 0.07769781  0.06830733 -0.06920387 ...  0.46100014  0.25020263
  1.5350902 ]",0
dia615_utt16.mp4,"[ 0.10835567  0.01918466 -0.01121932 ...  0.3443409   0.1579859
  0.23029022]",0
dia996_utt10.mp4,"[ 0.19607122 -0.00312576  0.15814616 ...  0.34801477  1.1692932
  0.28037846]",0
dia755_utt7.mp4,"[ 0.14634626 -0.04790246  0.20005752 ...  0.17180458  0.43628964
  0.77764976]",0
dia828_utt13.mp4,"[-0.11519096 -0.06387553  0.06041821 ...  0.45186788  0.1613023
  0.7690861 ]",0
dia577_utt2.mp4,[0.20426272 0.0091248  0.02456031 ... 0.83565015 0.6605419  0.98555833],0
dia699_utt3.mp4,"[-0.1485264   0.01671093  0.00154541 ...  0.17987247  0.36629817
  0.30757004]",0
dia706_utt0.mp4,[0.10765687 0.01644341 0.02420437 ... 0.9470771  0.4817298  0.4102419 ],0
dia735_utt8.mp4,"[ 8.5107185e-02 -5.3893402e-04 -1.6688170e-01 ...  5.2511524e-02
  1.9674928e-01  7.3910052e-01]",0
dia955_utt2.mp4,"[ 0.06732638  0.01929155 -0.01014771 ...  0.8350676   0.6130755
  0.18062212]",0
dia569_utt1.mp4,"[-0.04554892  0.00093279  0.07964275 ...  0.43186587  0.26892778
  0.48798785]",0
dia1009_utt9.mp4,"[ 0.06523149 -0.01820847 -0.07233758 ...  0.11322463  0.5063141
  0.08151489]",0
dia892_utt5.mp4,"[-0.30975696 -0.17221162 -0.1281137  ...  0.33612913  0.3949192
  0.42580137]",0
dia624_utt0.mp4,"[ 0.01301531 -0.03216801 -0.1326508  ...  0.11439507  0.50529927
  0.9549286 ]",0
dia558_utt6.mp4,"[ 0.05205464  0.0249459  -0.17601863 ...  1.151016    0.4998228
  0.6977013 ]",0
dia1001_utt1.mp4,"[-0.02249973 -0.07632147  0.11130018 ...  0.704869    0.2073919
  0.6265768 ]",0
dia844_utt2.mp4,"[-0.06108717 -0.04900007 -0.01495381 ...  0.46945983  0.7920345
  0.52876854]",0
dia901_utt2.mp4,"[ 0.03760158 -0.13319091  0.08509946 ...  0.14910284  1.0637438
  0.7722702 ]",0
dia1029_utt11.mp4,"[ 0.01865471  0.06071445 -0.1250498  ...  1.2107798   0.48188728
  0.09913911]",0
dia646_utt6.mp4,"[ 0.36277446 -0.02315106 -0.15149397 ...  0.57593507  1.4260075
  0.0311372 ]",0
dia569_utt0.mp4,"[ 0.1303929  -0.04614564 -0.18519577 ...  0.4886051   0.17510825
  0.55393404]",0
dia677_utt2.mp4,"[-0.00332992  0.04913298 -0.10480744 ...  1.0212975   0.30645055
  0.3473171 ]",0
dia869_utt7.mp4,"[ 0.17568536  0.04718689 -0.00803075 ...  0.26485825  1.2099596
  0.69734395]",0
dia557_utt2.mp4,"[ 0.24762547  0.09180072 -0.19943298 ...  0.05759639  0.39586917
  0.92893094]",0
dia941_utt13.mp4,"[-0.04081994 -0.09454626 -0.01588836 ...  0.36831754  0.42857713
  0.74853903]",0
dia932_utt9.mp4,"[ 0.15315077 -0.01705055 -0.1872092  ...  0.06081165  0.4407006
  0.44760537]",0
dia821_utt0.mp4,"[-0.03274285  0.02013874 -0.08166456 ...  0.03960232  0.29507282
  1.7114623 ]",0
dia841_utt16.mp4,"[ 0.00107655 -0.05803016 -0.1020564  ...  0.28364414  0.6103503
  1.0406796 ]",0
dia733_utt12.mp4,"[ 0.02485354 -0.06160986  0.25781354 ...  0.07938498  0.3381052
  0.48253456]",0
dia799_utt4.mp4,"[ 0.061473    0.11283604 -0.04082368 ...  0.40237632  1.2878455
  0.6471055 ]",0
dia558_utt8.mp4,"[ 7.79302791e-05 -1.27112746e-01 -6.41448349e-02 ...  7.22282231e-01
  1.03995144e-01  8.17128837e-01]",0
dia597_utt10.mp4,"[ 0.13687813 -0.01830849  0.02019453 ...  0.4481514   0.7333039
  0.2935336 ]",0
dia720_utt11.mp4,"[ 0.14235954 -0.02661432 -0.14472368 ...  0.38737136  0.20417233
  1.5641317 ]",0
dia901_utt0.mp4,"[-0.00460457 -0.09819919 -0.01858457 ...  0.5495552   0.5351828
  0.88171417]",0
dia762_utt0.mp4,"[-0.03986416 -0.0465926   0.0082221  ...  0.8173455   0.03174104
  1.6215923 ]",0
dia973_utt2.mp4,"[-0.0206642  -0.02515203  0.04681147 ...  0.28806636  0.23626165
  0.77570486]",0
dia770_utt8.mp4,"[ 0.16165125 -0.02075168  0.03074572 ...  0.3050916   0.5515519
  0.15058774]",0
dia594_utt8.mp4,"[ 0.01976891  0.08014722 -0.04778282 ...  0.05642205  0.5943314
  0.032315  ]",0
dia811_utt1.mp4,"[ 0.30556282  0.08769674 -0.08852671 ...  0.09641361  0.7382337
  1.069916  ]",0
dia622_utt9.mp4,"[ 0.1169405  -0.04136434  0.00472814 ...  0.6355737   1.4160914
  0.2584489 ]",0
dia841_utt7.mp4,"[-0.20369771  0.04069861 -0.17647964 ...  0.39075992  0.25977153
  0.78419656]",0
dia612_utt3.mp4,"[-0.07046133 -0.10259303  0.01723758 ...  0.21195683  0.9151759
  0.5775257 ]",0
dia660_utt14.mp4,"[ 0.06812067  0.09738468 -0.05525078 ...  0.13807806  0.29895502
  0.555445  ]",0
dia945_utt3.mp4,"[-0.13568977  0.11528461  0.05938515 ...  0.30403218  1.4861102
  0.3410918 ]",0
dia613_utt8.mp4,"[-0.17400089  0.08734383  0.12574558 ...  0.41891965  0.7127925
  0.49116778]",0
dia635_utt6.mp4,"[-0.03653435 -0.05705312  0.01589816 ...  0.28762582  0.257052
  0.9850373 ]",0
dia941_utt0.mp4,"[-0.22178827 -0.06654281 -0.08171788 ...  0.86363477  0.16142417
  0.36269063]",0
dia996_utt19.mp4,[0.12784004 0.05156206 0.04570901 ... 0.09679234 0.67778814 0.9324743 ],0
dia614_utt19.mp4,"[6.1952583e-02 6.2732249e-03 2.4512410e-05 ... 2.3887587e-01 8.8563395e-01
 1.5868728e+00]",0
